ID;Nome da Loja;Cidade;UF;Endereço;CEP;Telefone;Tipo de Cadastro;Latitude;Longitude
"517C8816FE000001";"Loja Itapipoca";"Centro";"CE";"R. Eubia Barroso, 2845 - Centro - CE, 62500-000";"62500-000";"(88) 3447-6300";"Loja";"-3,499577";"-39,57999"
"517C8816FE000002";"Loja Brejo Santo";"";"";"Rua Manoel Inacio de Lacena";"";"(88) 3447-6300";"Loja";"-7,491144";"-38,986798"
"517C8816FE000003";"Loja Quixeramobim";"Centro";"CE";"R. Cônego Áureliano Mota , 214 - Centro - CE, 63800-000";"63800-000";"(88) 3447-6300";"Loja";"-5,19888";"-39,297886"
"517C8816FE000004";"Loja Russas";"Centro";"CE";"R. Padre Raul Viêira, 324 - Centro - CE, 62900-000";"62900-000";"(88) 3447-6300";"Loja";"-4,93773";"-37,973265"
"517C8816FE000005";"Loja Jaguaribe";"Centro";"CE";"R. Savino Barreira, 188 - Centro - CE, 63475 -000 ";"";"(88) 3447-6300";"Loja";"-5,885218";"-38,621838"
"517C8816FE000006";"Loja Tiangua";"Centro";"CE";"Av. Prefeito Jacqus Nunes 493, - Centro - CE, 62320-000";"62320-000";"0800.281.3017";"Loja";"-3,731852";"-40,991983"
"517C8816FE000007";"Loja Ubajara";"485 Centro";"CE";"R. Juvêncio Luis Pereira, 485 Centro - CE, 62350-000";"62350-000";"0800 281 3017";"Loja";"-3,853545";"-40,920502"
"517C8816FE000008";"Loja Morada Nova";"Centro";"CE";"R. Cipriano Maia 167, Centro - CE, 62940-000";"62940-000";"(88) 3447-6300";"Loja";"-5,108128";"-38,373174"
"517C8816FE000009";"Loja Crateus";"Centro";"CE";"R. Dom Pedro II, 856 - Centro - CE, 63700-000";"63700-000";"(88) 3447-6300";"Loja";"-5,179241";"-40,669434"
"517C8816FE00000A";"Loja Taua";"Alto Brilhante";"CE";"Av. José Waldemar Rego, 498 - Alto Brilhante - CE, 63660-000";"63660-000";"(88) 3447-6300";"Loja";"-6,003577";"-40,289966"
"517C8816FE00000B";"Loja Crato";"";"";"R. Dr. João Pessoa, 408 Centro";"";"(88) 3447-6300";"Loja";"-7,232568";"-39,411823"
"517C8816FE00000C";"Loja Juazeiro do Norte - Shopping";"Juazeiro do Norte";"CE";"Av. Padre Cícero 2555 - Triângulo - Juazeiro do Norte/CE";"";"0800 2813017";"Loja";"-7,223705";"-39,324499"
"517C8816FE00000D";"Brisanet - SEDE";"Pereiro";"CE";"CE-138, KM 14 - Zona Rural - Pereiro/CE";"";"0800 281 3017";"Escritório";"-6,168428";"-38,490456"
"517C8816FE00000E";"Escritório Pau dos Ferros";"Centro";"RN";"R. Treze de Maio, 311 - Centro - RN, 59900-000";"59900-000";"(84) 3317-8750";"Escritório";"-6,109483";"-38,208381"
"517C8816FE00000F";"Loja Centro";"Centro";"CE";"R. Estevão Remigio 855, Centro - CE, 62930000";"";"(88) 3423-3334";"Loja";"-5,147895";"-38,095093"
"517C8816FE000010";"Loja Quixadá";"Centro";"CE";"AV. José Caetano de Almeida, Bloco 4, Centro - CE, 63900-000";"63900-000";"(88) 3447-6300";"Loja";"-4,972294";"-39,016453"
"517C8816FE000011";"Loja Iguatu";"";"";"Rua Prof. João Coelho, 68";"";"0800.281.3017";"Loja";"-6,363083";"-39,302072"
"517C8816FE000012";"Escritório Juazeiro do Norte";"";"";"Rua João Cândido Fontes";"";"(88) 3447-6300";"Escritório";"-7,22025";"-39,327228"
"517C8816FE000013";"Loja Sobral";"Centro";"CE";"R. Conselheiro José Júlio, 877 - Centro - CE, 62010820 tel: (88) 3613-1200";"";"(88) 3613-1200";"Loja";"-3,687087";"-40,354839"
"517C8816FE000014";"Loja Tabuleiro do Norte";"4366 Centro";"CE";"R. Batista Maia, 4366 Centro - CE, 62960-000";"62960-000";"(88) 3423-3334";"Loja";"-5,246214";"-38,130737"
"517C8816FE000015";"Loja Acaraú";"Centro";"CE";"Av. João Jaime Ferreira Gomes, 736 - Centro - CE, 62580-000";"62580-000";"0800.281.3017";"Loja";"-2,888853";"-40,119678"
"517C8816FE000016";"Loja Barbalha";"";"";"Rua do Vídeo, 87";"";"0800 281 3017";"Loja";"-7,309118";"-39,304163"
"517C8816FE000017";"Loja Patos";"Brasilia";"PB";"R. Dr. Pedro Firmino, 508 - Brasilia - PB, 58700-350";"58700-350";"0800 281 3017";"Loja";"-7,023845";"-37,272046"
"517C8816FE000018";"Loja Sobral Shopping";"Dom expedito";"CE";"Av. Monsenhor Aluisio Pinto, 300 - Dom expedito - CE, 62050255";"";"0800 281 3017";"Loja";"-3,697054";"-40,348329"
"517C8816FE000019";"Loja Caicó";"Centro";"RN";"R. Dr. Pires Ferreira, 419 - Centro- RN";"";"(84) 3317-8750";"Loja";"-6,459243";"-37,098503"
"517C8816FE00001A";"Loja Pombal";"";"";"Rua Cel: Francisco de Assis, 50, Centro, PB, 58840-000";"58840-000";"0800 281 3017";"Loja";"-6,771213";"-37,802241"
"517C8816FE00001B";"Loja Assú";"";"";"Av. Senador João Câmara, 426, centro ";"";"0800 281 3017";"Loja";"-5,574758";"-36,908732"
"517C8816FE00001C";"São Benedito";"Centro";"CE";"Av. Tabajara, 171 - Centro - CE, 62370-000";"62370-000";"0800 281 3017";"Escritório";"-4,044907";"-40,865137"
"517C8816FE00001D";"Loja Uiraúna";"";"";"Rua: José Barbosa, S/N - Centro PB, Cep: 58.915-000";"";"0800 281 3017";"Loja";"-6,518807";"-38,406022"
"517C8816FE00001E";"Loja Missão Velha";"";"";"Av Coronel José Dantas, 1550 - Centro";"";"0800 281 3017";"Loja";"-7,24969";"-39,148687"
"517C8816FE00001F";"Loja Milagres";"";"";"Rua Júlio Sampaio, 424, Centro ";"";"0800 281 3017";"Loja";"-7,309537";"-38,944247"
"517C8816FE000020";"Loja Mombaça";"";"";"Rua- Coronel Jose Aderaldo, 494 - Centro CE / CEP- 63.610.000";"";"0800 281 3017";"Loja";"-5,74667";"-39,631666"
"517C8816FE000021";"Loja Acopiara";"";"";"Rua Padre Leopoldo Rolim, 514 - Centro CE / CEP 63560-000";"63560-000";"0800 281 3017";"Loja";"-5,385235";"-40,46773"
"517C8816FE000022";"Loja Baraúna";"";"";"Avenida Jeronimo Rosado 295 - Centro CE / CEP: 59695-000";"59695-000";"";"Loja";"-5,081812";"-37,613844"
"517C8816FE000023";"Loja Horizonte";"";"";"Av: Presidente Castelo Branco, 1300 LOJA 2 / CEP 62880000";"";"0800 281 3017";"Loja";"-4,099352";"-38,502471"
"517C8816FE000024";"Loja São Miguel";"";"";"Rua Padre Tertuliano Fernandes, 106 Centro RN / CEP 59920-000";"59920-000";"0800 281 3017";"Loja";"-6,209463";"-38,49729"
"517C8816FE000025";"Loja Santa Cruz do Capibaribe";"";"";"Av. 29 de Dezembro, 715 - Sala 02, Via Shopping - Bairro São Cristovão CEP 55194280";"";"0800 281 3017";"Loja";"-7,953262";"-36,206788"
"517C8816FE000026";"Loja Senador Pomepeu";"";"";"Rua José Carlos Sampaio 310 Centro, Senador Pompeu - Ceará, 63600-000";"63600-000";"0800 281 3017";"Loja";"-5,58996";"-39,373495"
"517C8816FE000027";"Loja São Bento";"1180 Cícero Dias I";"PB";"Av. Pedro Eulampio - 1180 Cícero Dias I - PB / CEP 58865-000";"58865-000";"0800 281 3017";"Loja";"-6,491354";"-37,450426"
"517C8816FE000028";"Loja Guaraciaba do Norte";"Guaraciaba do Norte";"CE";"R. Sen. Catunda, 35, Guaraciaba do Norte - CE, 62380-000";"62380-000";"0800 281 3017";"Loja";"-4,163025";"-40,749259"
"517C8816FE000029";"Loja Ibiapina";"Ibiapina";"CE";"R. Inácio Pontes, 665 - Centro, Ibiapina - CE, 62360-000";"62360-000";"0800 281 3017";"Loja";"-3,921003";"-40,888761"
"517C8816FE00002A";"Loja Cedro";"";"";"Rua Obi Jucá Diniz, 0 Centro CEP 63400-000";"63400-000";"0800 281 3017";"Loja";"-6,604096";"-39,057604"
"517C8816FE00002B";"Loja Catolé do Rocha";"";"";"PC José de Sa Leitão , 67 Centro / CEP 58884000";"";"0800 281 3017";"Loja";"-6,342974";"-37,747465"
"517C8816FE00002C";"Loja Jaguaretama";"";"";"Rua Tristão Gonçalves, 0 Centro CEP 63480-000";"63480-000";"0800 281 3017";"Loja";"-5,613425";"-38,763412"
"517C8816FE00002D";"Loja Campina Grande";"Campina Grande";"PB";"Av. Pref. Severino Bezerra Cabral, 1225 - Mirante, Campina Grande - PB, 58407-660";"58407-660";"(84) 3317-8750";"Loja";"-7,234265";"-35,868724"
"517C8816FE00002E";"Loja Brisanet Cajazeiras";"Cajazeiras";"PB";"Av. Cmte. Vital Rolim, 751 - Jardim Adalgiza II, Cajazeiras - PB, 58900-000";"58900-000";"(83) 99806-1923";"Loja";"-6,887493";"-38,555829"
"517C8816FE00002F";"Loja Sousa";"";"";"R. Manoel Gadelha Filho, 39 - Gato Preto";"";"";"Loja";"-6,761436";"-38,226568"
"517C8816FE000030";"Loja Mossoró - Centro";"Mossoró";"RN";"Praça Rodolfo Fernandes 122 - Centro, Mossoró - RN";"";"0800 281 3017";"Loja";"-5,193458";"-37,34285"
"517C8816FE000031";"Loja Mossoró - Nova Betânia";"Nova Bethania";"RN";"Av. João da Escóssia 1334, Nova Bethania - RN, 59607-330";"59607-330";"0800 281 3017";"Loja";"-5,181757";"-37,360771"
"517C8816FE000032";"Loja Juazeiro do Norte - Centro";"Juazeiro do Norte";"CE";"R. São Pedro, 305 - Centro, Juazeiro do Norte - CE, 63010-010";"63010-010";"0800 281 3017";"Loja";"-7,202051";"-39,317164"
"517C8816FE000033";"Loja Salgueiro";"Salgueiro";"PE";"Av. Antônio Angelim, 550 - Santo Antonio, Salgueiro - PE, 56000-000";"56000-000";"0800 281 3017";"Loja";"-8,07304";"-39,123705"
"517C8816FE000034";"Loja João Pessoa - Manaíra";"João Pessoa";"PB";"R. da Candelária, 154 - Manaíra, João Pessoa - PB, 58038-620";"58038-620";"0800 281 3017";"Loja";"-7,097906";"-34,842732"
"517C8816FE000035";"Loja Orós";"Orós";"CE";"R. Custódio Nunes, 58 - Centro, Orós - CE, 63520-000";"63520-000";"0800 281 3017";"Loja";"-6,245051";"-38,914689"
"517C8816FE000036";"Loja Vitória de Santo Antão";"Vitória de Santo Antão";"PE";"Av. Henrique de Holanda 1459 - Centro, Vitória de Santo Antão - PE";"";"0800 281 3017";"Loja";"-8,116246";"-35,296554"
"517C8816FE000037";"Loja Quixeré";"Centro Quixeré";"CE";"Rua Manoel Gonçalves - Centro Quixeré/CE";"";"0800 281 3017";"Loja";"-5,070861";"-37,989788"
"517C8816FE000038";"Loja Itapajé";"Itapajé";"CE";"R. Maj. Barreto, 1337, Itapajé - CE, 62600-000";"62600-000";"0800 281 3017";"Loja";"-3,695906";"-39,579286"
"517C8816FE000039";"Loja Toritama";"Toritama";"PE";"R. José Celestino, 103, Toritama - PE, 55125-000";"55125-000";"0800 281 3017";"Loja";"-8,009753";"-36,064114"
"517C8816FE00003A";"Loja Viçosa do Ceará";"Viçosa do Ceará";"CE";"R. Salustiano de Pinho, 430, Viçosa do Ceará - CE, 62300-000";"62300-000";"0800 281 3017";"Loja";"-3,568108";"-41,090587"
"517C8816FE00003B";"Loja Brisanet";"Serra Talhada";"PE";"Av. Miguel Nunes de Souza, 42 - São Cristovao, Serra Talhada - PE, 56903-120";"56903-120";"0800 281 3017";"Loja";"-7,986688";"-38,297611"
"517C8816FE00003C";"Loja Brisanet Iguatu ";"Iguatu";"CE";"Av. Monsenhor Coelho, 409 - São Sebastião, Iguatu - CE, 63500-000";"63500-000";"08002813017";"Loja";"-6,358908";"-39,292268"
"517C8816FE00003D";"Loja Brisanet Arcoverde";"Arcoverde";"PE";"R. Augusto Cavalcante, 147 - Centro, Arcoverde - PE, 56506-640";"56506-640";"0800 281 3017";"Loja";"-8,419237";"-37,058806"
"517C8816FE00003E";"Loja Brisanet Natal";"Natal";"RN";"Av. Dr. João Medeiros Filho, 2395 - Potengi, Natal - RN, 59110-200";"59110-200";"";"Loja";"-5,758309";"-35,247165"
"517C8816FE00003F";"Loja Ipú";"Ipú";"CE";"Av. Antonio Dias da Silva, 197 - Centro, Ipú - CE, 62250-000";"62250-000";"0800 281 3017";"Loja";"-4,321784";"-40,705277"
"517C8816FE000040";"Loja Manaíra Brisanet";"João Pessoa";"PB";"Av. Gov. Flávio Ribeiro Coutinho, 1027 - Manaíra, João Pessoa - PB, 58036-818";"58036-818";"0800 281 3017";"Loja";"-7,097294";"-34,836242"
"517C8816FE000041";"Loja Iguatu Centro";"Iguatu";"CE";"R. Deocleciano Bezerra, 409 - São Sebastião, Iguatu - CE, 63500-000";"63500-000";"0800 281 3017";"Loja";"-6,357968";"-39,295578"
"517C8816FE000042";"Loja Bayeux Brisanet";"Bayeux";"PB";"Av. Liberdade, 3655 - Loja F - Sesi, Bayeux - PB, 58306-000";"58306-000";"0800 281 3017";"Loja";"-7,125416";"-34,925793"
"517C8816FE000043";"Loja Pesqueira Brisanet";"Pesqueira";"PE";"R. Duque de Caxias, 135 - Centro, Pesqueira - PE, 55200-000";"55200-000";"0800 281 3017";"Loja";"-8,357895";"-36,698407"
"517C8816FE000044";"Loja Santa Rita";"Santa Rita";"PB";"Praça João Pessoa, 28 - Loja A - Centro, Santa Rita - PB, 58300-140";"58300-140";"0800 281 3017";"Loja";"-7,121149";"-34,977878"
"517C8816FE000045";"Loja Belo Jardim";"Belo Jardim";"PE";"Avenida Deputado José Mendonça Bezerra, Nº 231 - Centro, Belo Jardim - PE, 55150-005";"55150-005";"0800 287 3018";"Loja";"-8,336906";"-36,432864"
"517C8816FE000046";"Loja Brisanet Belo Jardim";"Belo Jardim";"PE";"R. Dep. José Bezerra Alves, 231 - Centro, Belo Jardim - PE, 55150-005";"55150-005";"0800 281 3017";"Loja";"-8,336906";"-36,432864"
"517C8816FE000047";"Loja Brisanet Pesqueira";"Pesqueira";"PE";"R. Duque de Caxias, 135 - Centro, Pesqueira - PE, 55200-000";"55200-000";"0800 281 3017";"Loja";"-8,357895";"-36,698407"
"517C8816FE000048";"Loja Brisanet Custódia";"Custódia";"PE";"Av. Inocêncio Lima, 515 - Custodia, Custódia - PE, 56640-000";"56640-000";"0800 281 3017";"Loja";"-8,091828";"-37,642932"
"517C8816FE000049";"Loja Brisanet Santa Rita/PB";"Santa Rita";"PB";"Praça João Pessoa, 28 - Centro, Santa Rita - PB, 58300-140";"58300-140";"";"Loja";"-7,121149";"-34,977878"
"517C8816FE00004A";"Loja Brisanet de Banabuiú";"Banabuiú";"CE";"Av. Queiroz Pessoa, 295 - Centro, Banabuiú - CE, 63960-000";"63960-000";"";"Loja";"-5,308562";"-38,918737"
"517C8816FE00004B";"Loja Brisanet Bezerros";"Bezerros";"PE";"R. Quinze de Novembro - Centro, Bezerros - PE, 55660-000";"55660-000";"0800 281 3017 ";"Loja";"-8,236327";"-35,75349"
"517C8816FE00004C";"Loja Brisanet Caruaru";"Caruaru";"PE";"R. Visc. de Inhaúma - Maurício de Nassau, Caruaru - PE CEP: 55012-010";"55012-010";"";"Loja";"-8,272463";"-35,975589"
"517C8816FE00004D";"Loja Brisanet Natal";"Natal";"RN";"Av. Prudente de Morais, 4204 - Lagoa Nova, Natal - RN, 59054-700";"59054-700";"0800 281 3017";"Loja";"-5,818868";"-35,212914"
"517C8816FE00004E";"Loja Várzea Alegre";"Várzea Alegre";"CE";"R. Dom C Pimpim, 30 - Centro, Várzea Alegre - CE, 63540-000";"63540-000";"0800 281 3017";"Loja";"-6,793396";"-39,29627"
"517C8816FE00004F";"Loja Brisanet Umarizal";"";"";"R. Porcino Costa, 264 - Umarizal, RN, 59865-000";"59865-000";"0800 281 3017";"Loja";"-5,991304";"-37,814125"
"517C8816FE000050";"Escritório Fortaleza/E";"Fortaleza";"CE";"Av. Santos Dumont, 3000 - Aldeota, Fortaleza - CE, 60150-162";"60150-162";"0800 281 3017";"Escritório";"-3,736865";"-38,498272"
"517C8816FE000051";"Loja Brisanet Maceió";"Maceió";"AL";"Av. Fernandes Lima, 768 - Farol, Maceió - AL, 57050-000";"57050-000";"0800 281 3017";"Loja";"-9,643852";"-35,734325"
"517C8816FE000052";"Loja Brisanet Icó";"Icó";"CE";"R. Francisco Maciel, 2418 - Centro, Icó - CE, 63430-000";"63430-000";"0800 281 3017";"Loja";"-6,399283";"-38,858562"
"517C8816FE000053";"Loja Brisanet Icó";"";"";"R. Francisco Maciel, 2418 - Novo Centro";"";"0800 281 3017";"Loja";"-6,403871";"-38,862981"
"517C8816FE000054";"Escritório Brisanet Fortaleza/CE - W Soares";"Fortaleza";"CE";"Av. Washington Soares, 4150 - Água Fria, Fortaleza - CE, 60821-750";"60821-750";"0800 281 3017";"Escritório";"-3,793784";"-38,480413"
"517C8816FE000055";"Loja Brisanet Gravatá";"Gravatá";"PE";"Tv. Gov. Agamenon Magalhães, 125 - Quinze de Novembro, Gravatá - PE, 55642-210";"55642-210";"";"Loja";"-8,199597";"-35,564937"
"517C8816FE000056";"Loja Brisanet Teresina";"Teresina";"PI";"Av. Frei Serafim, 2095 - Centro (Sul), Teresina - PI, 64000-590";"64000-590";"0800 281 3017";"Loja";"-5,088002";"-42,806672"
"517C8816FE000057";"Loja Brisanet Ceará - Mirim";"Mirim";"RN";"R. Boa Ventura de Sá, 371, Ceará-Mirim - RN, 59570-000";"59570-000";"";"Loja";"-5,635854";"-35,424895"
"517C8816FE000058";"Loja Cascavel";"";"";"Av. Chanceler Edson Queiroz, 2714 - Cascavel, CE, 62850-000";"62850-000";"0800 281 3017";"Loja";"-4,133762";"-38,238985"
"517C8816FE000059";"Loja Brisanet Aracaju";"Aracaju";"SE";"Av. Hermes Fontes, 370 - Suissa, Aracaju - SE, 49052-000";"49052-000";"0800 281 3017";"Loja";"-10,922083";"-37,057474"
"517C8816FE00005A";"Loja Eusébio";"Eusébio";"CE";"Av. Eusébio de Queiroz, 4439 - Centro, Eusébio - CE, 61760-000";"61760-000";"0800 281 3017";"Loja";"-3,889984";"-38,452412"
"517C8816FE00005B";"Loja Cabedelo";"Cabedelo";"PB";"Praça Venâncio Neiva, 36 - Vila Sao Joao, Cabedelo - PB, 58310-000";"58310-000";"0800 281 3017";"Loja";"-6,972564";"-34,835557"
"517C8816FE00005C";"Loja Brisanet Pedra Branca";"Pedra Branca";"CE";"R. Ernesto Viêira, 81 - Centro, Pedra Branca - CE, 63630-000";"63630-000";"0800 281 3018";"Loja";"-5,454251";"-39,714691"
"517C8816FE00005D";"Loja Natal";"Natal";"RN";"Avenida Dr João Medeiros Filho, 2395 - Potengi, Natal - RN, 59120-200";"59120-200";"0800 281 3017";"Loja";"-5,756607";"-35,242374"
"517C8816FE00005E";"Loja Pacajus";"Pacajus";"CE";"Avenida Pedro Philomeno, Loja 4 - Centro, Pacajus - CE, 62870-000";"62870-000";"0800 281 3017";"Loja";"-4,173089";"-38,457404"
"517C8816FE00005F";"Loja Cabo de Santo Agostinho";"";"";"Avenida Historiador Pereira da Costa, 746";"";"0800 287 3018";"Loja";"-8,282147867169542";"-35,03235347448621"
"517C8816FE000060";"Loja Catolé do Rocha";"";"";"Praça Sa Leitao, 67";"";"0800 287 3018";"Loja";"-6,342312767082789";"-37,74978380475459"
"517C8816FE000061";"Loja Caucaia";"";"";"Avenida Edson da Mota Correia, 1040";"";"0800 287 3018";"Loja";"-3,7342301629999977";"-38,6595456912929"
"517C8816FE000062";"Loja João Pessoa";"";"";"Rua Josefa Taveira, 220";"";"0800 287 3018";"Loja";"-7,163771620733413";"-34,83868133543152"
"517C8816FE000063";"Loja João Pessoa - Manaíra";"";"";"Avenida Governador Flávio Ribeiro Coutinho, 154";"";"0800 287 3018";"Loja";"-7,097825573354233";"-34,84282640659632"
"517C8816FE000064";"Escritório Juazeiro do Norte";"";"";"R. João Cândido Fontes, 60";"";"(88) 99273-4087";"Escritório";"-7,220147211405724";"-39,32710710474215"
"517C8816FE000065";"Loja Palmeira dos Índios";"";"";"Rua Pedro Soares da Mota, 35";"";"0800 287 3018";"Loja";"-9,407914307290318";"-36,63431650655891"
"517C8816FE000066";"Loja Pereiro";"";"";"Rua São Judas Tadeu, 1";"";"0800 287 3018";"Loja";"-6,04589248738901";"-38,460936835447"
"517C8816FE000067";"Loja Santa Luzia";"";"";"Rua Ezequiel Fernandes, 0";"";"0800 287 3018";"Loja";"-6,870973150877827";"-36,91969887699421"
"517C8816FE000068";"Loja São Bento";"";"";"Avenida Prefeito Pedro Eulampio da Silva, 1150";"";"0800 287 3018";"Loja";"-6,489464731599848";"-37,44732546057214"
"517C8816FE000069";"Sousa";"";"";"Rua Manoel Gadelha Filho, 29";"";"0800 287 3018";"Loja";"-6,761051171433762";"-38,22688150474881"
"517C8816FE00006A";"Tobias Barreto";"";"";"Avenida 7 de Junho, 556";"";"0800 287 3018";"Loja";"-11,187402889758923";"-38,00166993350832"
"517C8816FE00006B";"Uirauna";"";"";"Rua José Barbosa, 265";"";"0800 287 3018";"Loja";"-6,5187262230074685";"-38,407344120096276"
"517C8816FE00006C";"Ribeira do Pombal";"";"";"Avenida Doutor Oliveira Brito, 312";"";"0800 287 3018";"Loja";"-10,835949788790868";"-38,54095046235154"
"517C8816FE00006D";"Alagoinhas";"";"";"Avenida Lauro de Freitas, 243";"";"0800 287 3018";"Loja";"-12,137528163211897";"-38,417120946980184"
"517C8816FE00006E";"Feira de Santana";"";"";"Praça Padre Ovídio, 94";"";"0800 287 3018";"Loja";"-12,25941765770026";"-38,96982247405159"
"517C8816FE00006F";"Loja Caruaru";"";"";"Avenida Agamenon Magalhães, 585";"";"0800 287 3018";"Loja";"-8,276428132794104";"-35,97331304890614"
"517C8816FE000070";"Loja Icó";"";"";"Avenida Nogueira Acioly, 1565";"";"0800 287 3018";"Loja";"-6,404423558218978";"-38,86192560532617"
"517C8816FE000071";"Loja Ipú";"";"";"Avenida Coronel José Lourenço, 197";"";"0800 287 3018";"Loja";"-4,3268942287842505";"-40,709850260598344"
"517C8816FE000072";"Loja Quixeramobim";"";"";"Rua Teixeira de Freitas, 65";"";"0800 287 3018";"Loja";"-5,197237091926273";"-39,299020933605085"
"517C8816FE000073";"Loja Santa Rita";"";"";"Rua Sao Joao, 28";"";"0800 287 3018";"Loja";"-7,12129601488399";"-34,978494559239635"
"517C8816FE000074";"Loja São Miguel";"";"";"Rua Coronel João Pessoa, 291";"";"0800 287 3018";"Loja";"-6,2104022968318375";"-38,49647049184813"
"517C8816FE000075";"Tabuleiro do Norte";"";"";"Rua Maia Alarcon, 639";"";"0800 287 3018";"Loja";"-5,248014868478764";"-38,1278797882054"
"517C8816FE000076";"Ubajara";"";"";"Rua Padre Moacir Melo, 105";"";"0800 287 3018";"Loja";"-3,813602599671956";"-40,879778120128115"
"517C8816FE000077";"Vitoria do Santo Antão";"";"";"Rua Ambrosio Machado, 76";"";"0800 287 3018";"Loja";"-8,116565807399947";"-35,29695433541674"
"517C8816FE000078";"Quiosque Itapipoca";"";"";"Av. José do Patrocínio, 1481";"";"";"Quiosque";"-3,494626609894803";"-39,57804703547539"
"517C8816FE000079";"Quiosque Mossoró";"";"";"Av. Gagaça Lopes";"";"";"Quiosque";"-5,237776729997364";"-37,32789431826043"
"517C8816FE00007A";"Quiosque Pacajus";"";"";"R. Cônego Eduardo Araripe, 1529 Lj A";"";"";"Quiosque";"-4,174012675513461";"-38,46331837477226"
"517C8816FE00007B";"Quiosque Conde";"";"";"R. Manoel Alves";"";"";"Quiosque";"-7,255396136795842";"-34,90481624432019"
"517C8816FE00007C";"Quiosque Nisia Floresta";"";"";"R. Dr. Antônio de Souza, 260 Rodoviaria  Centro";"";"";"Quiosque";"-6,091129603668186";"-35,20775307026494"
"517C8816FE00007D";"Quiosque São Miguel";"";"";"Avenida Jose Xavier De Aquino 86";"";"";"Quiosque";"-6,199927141745541";"-38,48718956242851"
"517C8816FE00007E";"Quiosque Encanto";"";"";"Rua Das Mangueiras, 131";"";"";"Quiosque";"-6,113933108913368";"-38,31291358941334"
"517C8816FE00007F";"Quiosque Dr. Severiano";"";"";"Rua Hermínio Jacome, 39";"";"";"Quiosque";"-6,096398794406274";"-38,37472980661022"
"517C8816FE000080";"Quiosque Barro";"";"";"AV DEPUTADO JANUARIO FEITOSA, 995";"";"";"Quiosque";"-7,173728087643538";"-38,77961500156345"
"517C8816FE000081";"Quiosque Brejo Santo 01";"";"";"José Matias Sampaio, 753";"";"";"Quiosque";"-7,487341926100159";"-38,9844015052429"
"517C8816FE000082";"Quiosque Brejo Santo 02";"";"";"Rua João Lucena, 108";"";"";"Quiosque";"-7,49547348376498";"-38,98815707590205"
"517C8816FE000083";"Quiosque Icó 01";"1260
Icó";"CE";"Rua Francisco Maciel, 1260 Icó / CE - Centro - 63430-000";"63430-000";"";"Quiosque";"-6,3962546387487285";"-38,8563003219505"
"517C8816FE000084";"Quiosque Icó 02";"1060
Icó";"CE";"AV NOGUEIRA ACIOLY, 1060 Icó / CE - CENTRO - 63430-000";"63430-000";"";"Quiosque";"-6,400752288155295";"-38,85907273358984"
"517C8816FE000085";"Quiosque Iguatu";"526
Iguatu";"CE";"Avenida Doutor José Holanda Montenegro, 526 Iguatu / CE - Centro - 63500-013";"63500-013";"";"Quiosque";"-6,363472540834647";"-39,29862244708212"
"517C8816FE000086";"Quiosque Quixadá";"2500
Quixadá";"CE";"Rua Jose de Queiroz Pessoa, 2500 Quixadá / CE - Planalto Universitario - 63902-098";"63902-098";"";"Quiosque";"-4,967848262378979";"-39,02390854774641"
"517C8816FE000087";"Quiosque Quixeramobim";"108
Quixeramobim";"CE";"Rua Conego Pinto Mendonca, 108 Quixeramobim / CE - Centro - 63800-000";"63800-000";"";"Quiosque";"-5,198530270105002";"-39,295487747096956"
"517C8816FE000088";"Quiosque Quixeramobim 02";"1450
Quixeramobim";"CE";"Rua Antônio Pinto de Mendonça, 1450 Quixeramobim / CE - Duque de Caxias - 63800-000";"63800-000";"";"Quiosque";"-5,188765412533716";"-39,273117547097"
"517C8816FE000089";"Quiosque Fortaleza Parangaba";"Fortaleza";"CE";"Av. Godofredo Maciel, 1152 Parangaba - Fortaleza - CE, 60710-000 ";"60710-000";"";"Quiosque";"-3,785435615764046";"-38,56672500362666"
"517C8816FE00008A";"Quiosque Fortaleza Maraponga";"Fortaleza";"CE";"Av. Godofredo Maciel, 4000 Maraponga - Fortaleza - CE, 60711-502";"60711-502";"";"Quiosque";"-3,8096675089965046";"-38,5743474759479"
"517C8816FE00008B";"Quiosque Fortaleza Panamericano";"Fortaleza";"CE";"Rua Piauí, 1110  Panamericano - Fortaleza - CE, 60441-015";"60441-015";"";"Quiosque";"-3,7548509743297216";"-38,56915277594853"
"517C8816FE00008C";"Quiosque Fortaleza Messejana";"Messejana
Fortaleza";"CE";"Av. Frei Cirilo, 4290 - Messejana Fortaleza - CE, 60840-285";"60840-285";"";"Quiosque";"-3,8211634213854913";"-38,49620570478383"
"517C8816FE00008D";"Quiosque Fortaleza Parangaba 02";"Parangaba Fortaleza";"CE";"Av. Gen. Osório de Paiva, 2955 - Parangaba Fortaleza - CE, 60542-122";"60542-122";"";"Quiosque";"-3,789177283175606";"-38,586851947112"
"517C8816FE00008E";"Quiosque Fortaleza Centro";"Centro Fortaleza";"CE";"R. Floriano Peixoto, 230 - Centro Fortaleza - CE, 60025-130";"60025-130";"";"Quiosque";"-3,7242009417934505";"-38,52636711827665"
"517C8816FE00008F";"Quiosque Fortaleza Parangaba 03";"Fortaleza";"CE";"Av. Pedro Ramalho, 130 - Parangaba, Fortaleza - CE, 60720-500";"60720-500";"";"Quiosque";"-3,7894565370151114";"-38,54293108943987"
"517C8816FE000090";"Quiosque Fortaleza Mondubim";"Novo Mondubim Fortaleza";"CE";"Av. Waldir Diogo, 1138 - Novo Mondubim Fortaleza - CE, 60764-020";"60764-020";"";"Quiosque";"-3,800758591993157";"-38,58664530362597"
"517C8816FE000091";"Quiosque Fortaleza Centro 02";"Centro Fortaleza";"CE";"R. Major Facundo, 650 - Centro Fortaleza - CE, 60025-100";"60025-100";"";"Quiosque";"-3,728537416599205";"-38,52831690478466"
"517C8816FE000092";"Quiosque Fortaleza Vila Peri";"Vila Peri Fortaleza";"CE";"Av. Gen. Osório de Paiva, 2951 - Vila Peri Fortaleza - CE, 60730-085";"60730-085";"";"Quiosque";"-3,775046807296377";"-38,56568104896465"
"517C8816FE000093";"Quiosque Fortaleza Serrinha";"Serrinha Fortaleza";"CE";"Av. Dr. Silas Munguba, 4301 - Serrinha Fortaleza - CE, 60741-575";"60741-575";"";"Quiosque";"-3,79099829971865";"-38,53708598943993"
"517C8816FE000094";"Quiosque Fortaleza Vila Velha";"Vila Velha Fortaleza";"CE";"R. Pedro Sampaio, 778 - Vila Velha Fortaleza - CE, 60345-602";"60345-602";"";"Quiosque";"-3,72314596623099";"-38,596460420129084"
"517C8816FE000095";"Quiosque Fortaleza Messejana 02";"Fortaleza";"CE";"Av. Jornalista Tomaz Coelho - Messejana, Fortaleza - CE, 60842-020";"60842-020";"";"Quiosque";"-3,829418722924219";"-38,51083034896414"
"517C8816FE000096";"Quiosque Fortaleza Papicu";"Fortaleza";"CE";"R. Pereira de Miranda, 187 - Papicu, Fortaleza - CE, 60175-045";"60175-045";"";"Quiosque";"-3,738408684403791";"-38,48508663431742"
"517C8816FE000097";"Quiosque Maranguape 01";"Maranguape";"CE";"Rua José Fernandes Vieira, 249 - Centro, Maranguape - CE, 61940-010";"61940-010";"";"Quiosque";"-3,8943497432647223";"-38,682515120127256"
"517C8816FE000098";"Quiosque Maranguape 02";"Maranguape";"CE";"R. Cap. Geová Colares, 101 - Outra Banda, Maranguape - CE, 61942-460";"61942-460";"";"Quiosque";"-3,890889289342773";"-38,68181344711114"
"517C8816FE000099";"Quiosque Maracanaú";"Centro | Maracanaú";"CE";"Av Senador Carlos Jereissati S/N - Centro | Maracanaú - CE 61900-410";"61900-410";"";"Quiosque";"-3,888305474574129";"-38,6021480283588"
"517C8816FE00009A";"Quiosque Caucaia";"Caucaia";"CE";"Av. Contorno Leste, 491 - Nova Metrópole (Jurema), Caucaia - CE, 61658-030";"61658-030";"";"Quiosque";"-3,7656068956430655";"-38,65241788828345"
"517C8816FE00009B";"Quiosque Juazeiro 01";"Juazeiro do Norte";"CE";"R. São Paulo, 491 - Centro, Juazeiro do Norte - CE, 63010-000";"63010-000";"";"Quiosque";"-7,203915798242658";"-39,31640463172612"
"517C8816FE00009C";"Quiosque Juazeiro 02";"Juazeiro do Norte";"CE";"Av. Ailton Gomes, 2569 - José Geraldo da Cruz, Juazeiro do Norte - CE, 63034-012";"63034-012";"";"Quiosque";"-7,230866205097698";"-39,311905374053566"
"517C8816FE00009D";"Quiosque Juazeiro 03";"Juazeiro do Norte";"CE";"R. Francisco Martins de Souza, 1215 - Frei Damião, Juazeiro do Norte - CE, 63046-510";"63046-510";"";"Quiosque";"-7,240542000281797";"-39,33637649310262"
"517C8816FE00009E";"Quiosque Barbalha";"Barbalha";"CE";"R. Princesa Isabel, 47 - Centro, Barbalha - CE, 63180-000";"63180-000";"";"Quiosque";"-7,31034295210685";"-39,301865433576964"
"517C8816FE00009F";"Quiosque Juazeiro Aeroporto";"Juazeiro do Norte";"CE";"R. João Dias de Oliveira, 60 - Aeroporto, Juazeiro do Norte - CE, 63021-210";"63021-210";"";"Quiosque";"-7,2127858701937475";"-39,280550689398154"
"517C8816FE0000A0";"Quiosque Crato";"Crato";"CE";"R. Monsenhor Esmeraldo, 626 - Centro, Crato - CE, 63100-310";"63100-310";"";"Quiosque";"-7,232266123277268";"-39,407914089397785"
"517C8816FE0000A1";"Quiosque Crato 02";"Crato";"CE";"Av. São Sebastião, 2200 - Ossian Araripe (Caixa D'Água), Crato - CE, 63105-320";"63105-320";"";"Quiosque";"-7,244403844923257";"-39,42063770474178"
"517C8816FE0000A2";"Quiosque Eusébio";"TamatandubaEusébio";"CE";"Av. Eusébio de Queiroz, 1890 - TamatandubaEusébio - CE, 61760-000";"61760-000";"";"Quiosque";"-3,880026015460589";"-38,45989947594724"
"517C8816FE0000A3";"Quiosque Fortaleza Centro 03";"Fortaleza";"CE";"R 24 de Maio, 444 - Centro, Fortaleza - CE, 60020-000";"60020-000";"";"Quiosque";"-3,725390916104478";"-38,5320782047846"
"517C8816FE0000A4";"Quiosque North Shopping Bezerra";"Fortaleza";"CE";"Av. Bezerra de Menezes, 2450 - Pres. Kennedy, Fortaleza - CE, 60325-002";"60325-002";"";"Quiosque";"-3,7348223631583086";"-38,56603050478459"
"517C8816FE0000A5";"Quiosque Shopping Riomar Fortaleza";"Fortaleza";"CE";"R. Des. Lauro Nogueira, 1500 - Papicu, Fortaleza - CE, 60176-065";"60176-065";"";"Quiosque";"-3,7409724648039053";"-38,472840891292876"
"517C8816FE0000A6";"Quiosque Shopping Parangaba";"Fortaleza";"CE";"Rua Germano Franck, 300 - Parangaba, Fortaleza - CE, 60740-020";"60740-020";"";"Quiosque";"-3,77534029070125";"-38,561987104784244"
"517C8816FE0000A7";"Quiosque Fortaleza Centro 04";"Fortaleza";"CE";"R. Major Facundo, 749 - Centro, Fortaleza - CE, 60025-100";"60025-100";"";"Quiosque";"-3,7293297372352376";"-38,528364204784744"
"5727E2ECEF000001";"Loja Acaraú/CE";"271 Centro";"CE";"Av. Nicodemos Araújo, 271 Centro - CE, 62580-000";"62580-000";"10517";"Loja";"-2,8889886";"-40,119811899999995"
"5727E2ECEF000002";"Loja Acopiara/CE";"514 Vila Palmeira";"CE";"Rua Padre Leopoldo Rolim, 514 Vila Palmeira - CE, 63560-000";"63560-000";"10517";"Loja";"-6,0924939";"-39,4512606"
"5727E2ECEF000003";"Loja Aracaju/SE";"370 Suissa";"SE";"Avenida Hermes Fontes, 370 Suissa - SE, 49052-000";"49052-000";"10517";"Loja";"-10,922083200000001";"-37,0574739"
"5727E2ECEF000004";"Loja Estância/SE";"Praça Orlando Gomes dos Santos  Centro";"SE";"Praça Orlando Gomes dos Santos  Centro - SE, 49200-000";"49200-000";"10517";"Loja";"-11,2727545";"-37,4399322"
"5727E2ECEF000005";"Loja Itabaiana/SE";"Avenida Doutor Luiz Magalhães Serrano";"SE";"Avenida Doutor Luiz Magalhães Serrano - SE, 49503-256";"49503-256";"10517";"Loja";"-10,6976067";"-37,42791770000001"
"5727E2ECEF000006";"Loja Lagarto/SE";"Praça Filomeno Hora Centro";"SE";"Praça Filomeno Hora Centro - SE, 49400-000";"49400-000";"10517";"Loja";"-10,916547999999999";"-37,6711807"
"5727E2ECEF000007";"Loja Arcoverde/PE";"147 Centro";"PE";"Rua Augusto Cavalcanti, 147 Centro - PE, 56506-640";"56506-640";"10517";"Loja";"-8,419236699999999";"-37,0588064"
"5727E2ECEF000008";"Loja Assú/RN";"426 Centro";"RN";"Avenida Senador João Câmara, 426 Centro - RN, 59650-000";"59650-000";"10517";"Loja";"-5,5747582";"-36,9087323"
"5727E2ECEF000009";"Loja Banabuiú/CE";"295 Centro";"CE";"Avenida Queiroz Pessoa, 295 Centro - CE, 63960-000";"63960-000";"10517";"Loja";"-5,308892";"-38,918834499999996"
"5727E2ECEF00000A";"Loja Baraúna/RN";"295 Centro";"RN";"Avenida Jerônimo Rosado, 295 Centro - RN, 59695-000";"59695-000";"10517";"Loja";"-5,0814803";"-37,614275"
"5727E2ECEF00000B";"Loja Barbalha/CE";"87 Centro";"CE";"Rua do Vidéo, 87 Centro - CE, 63180-000";"63180-000";"10517";"Loja";"-7,3091095";"-39,3041219"
"5727E2ECEF00000C";"Loja Bayeux/PB";"3655 Sesi";"PB";"Avenida Liberdade, 3655 Sesi - PB, 58306-000";"58306-000";"10517";"Loja";"-7,1256236";"-34,9263049"
"5727E2ECEF00000D";"Loja Belo Jardim/PE";"231 Centro";"PE";"Avenida Deputado José Mendonça Bezerra, 231 Centro - PE, 55150-005";"55150-005";"10517";"Loja";"-8,3338685";"-36,4195097"
"5727E2ECEF00000E";"Loja Bezerros/PE";"4 Centro";"PE";"Rua 15 de Novembro, 4 Centro - PE, 55660-000";"55660-000";"10517";"Loja";"-8,2358184";"-35,7527551"
"5727E2ECEF00000F";"Loja Brejo Santo/CE";"Rua Manoel Inacio de Lucena Centro";"CE";"Rua Manoel Inacio de Lucena Centro - CE, 63260-000";"63260-000";"10517";"Loja";"-7,491239599999999";"-38,9868485"
"5727E2ECEF000010";"Loja Cabedelo/PB";"36 Centro";"PB";"Praça Venancio Neiva, 36 Centro - PB, 58100-246";"58100-246";"10517";"Loja";"-6,972588";"-34,835917699999996"
"5727E2ECEF000011";"Loja Cabo De Santo Agostinho/PE";"746 Centro";"PE";"Avenida Historiador Pereira da Costa, 746 Centro - PE, 54510-360";"54510-360";"10517";"Loja";"-8,2822753";"-35,0323749"
"5727E2ECEF000012";"Loja Caicó/RN";"419 Centro";"RN";"Rua Doutor Pires Ferreira, 419 Centro - RN, 59300-000";"59300-000";"10517";"Loja";"-6,4591522";"-37,0985728"
"5727E2ECEF000013";"Loja Cajazeiras/PB";"751 Centro";"PB";"Avenida Comandante Vital Rolim, 751 Centro - PB, 59900-000";"59900-000";"10517";"Loja";"-6,8874356";"-38,555589399999995"
"5727E2ECEF000014";"Loja Campina Grande/PB";"1225B Mirante";"PB";"Avenida Prefeito Severino Bezerra Cabral, 1225B Mirante - PB, 58407-475";"58407-475";"10517";"Loja";"-7,2344111";"-35,8689386"
"5727E2ECEF000015";"Loja Caruaru/PE";"585 Maurício de Nassau";"PE";"Avenida Agamenon Magalhães, 585 Maurício de Nassau - PE, 55120-290";"55120-290";"10517";"Loja";"-8,2766511";"-35,973259399999996"
"5727E2ECEF000016";"Loja Cascavel/CE";"2714 Centro";"CE";"Avenida Chanceler Edson Queiroz, 2714 Centro - CE, 62850-000";"62850-000";"10517";"Loja";"-4,1324895";"-38,2428513"
"5727E2ECEF000017";"Loja Catole Do Rocha/PB";"67 Centro";"PB";"Praça Sa Leitao, 67 Centro - PB, 58884-000";"58884-000";"10517";"Loja";"-6,342477799999999";"-37,7498584"
"5727E2ECEF000018";"Loja Caucaia/CE";"1040 Centro";"CE";"Avenida Edson da Mota Correia, 1040 Centro - CE, 61600-040";"61600-040";"10517";"Loja";"-3,7344656999999994";"-38,659513499999996"
"5727E2ECEF000019";"Loja Ceará-Mirim/RN";"371 Centro";"RN";"Rua Boa Ventura de Sá, 371 Centro - RN, 59570-000";"59570-000";"10517";"Loja";"-5,635898200000001";"-35,4249435"
"5727E2ECEF00001A";"Loja Cedro/CE";"134 Centro";"CE";"R. Cel. Luiz Felipe, 134 Centro - CE, 63400-000";"63400-000";"10517";"Loja";"-6,60506";"-39,0595986"
"5727E2ECEF00001B";"Loja Crateús/CE";"856 Centro";"CE";"Rua Dom Pedro II, 856 Centro - CE, 63700-139";"63700-139";"10517";"Loja";"-5,1791952";"-40,6695199"
"5727E2ECEF00001C";"Loja Crato/CE";"408 Centro";"CE";"Rua Doutor João Pessoa, 408 Centro - CE, 63100-050";"63100-050";"10517";"Loja";"-7,2326";"-39,4119063"
"5727E2ECEF00001D";"Loja Custodia/PE";"515 Centro";"PE";"Av. Inocêncio Lima, 515 Centro - PE, 56640-000";"56640-000";"10517";"Loja";"-8,0906875";"-37,642756299999995"
"5727E2ECEF00001E";"Loja Eusébio/CE";"4439 Centro";"CE";"Avenida Eusebio de Queiroz, 4439 Centro - CE, 61760-000";"61760-000";"10517";"Loja";"-3,8893358";"-38,4532701"
"5727E2ECEF00001F";"Loja Fortaleza/CE - SD";"3000 Aldeota";"CE";"Avenida Santos Dumont, 3000 Aldeota - CE, 60150-162";"60150-162";"10517";"Loja";"-3,7368650999999993";"-38,4982721"
"5727E2ECEF000020";"Loja Gravatá/PE";"322 Prado";"PE";"Avenida Governador Agamenon Magalhaes, 322 Prado - PE, 55642-210";"55642-210";"10517";"Loja";"-8,199932";"-35,5640225"
"5727E2ECEF000021";"Loja Escada/PE";"104 Centro";"PE";"Rua da Matriz, 104 Centro - PE, 55500-000";"55500-000";"10517";"Loja";"-8,3617664";"-35,236663899999996"
"5727E2ECEF000022";"Loja Limoeiro/PE";"371 Centro";"PE";"Av. Dr. Severino Pinheiro, 371 Centro - PE, 55700-000";"55700-000";"10517";"Loja";"-5,147832999999999";"-38,095129199999995"
"5727E2ECEF000023";"Loja Limoeiro do Norte/CE";"855 Centro";"CE";"Rua Esteva Remígio de Freitas, 855 Centro - CE, 62930-000";"62930-000";"10517";"Loja";"-5,147832999999999";"-38,095129199999995"
"5727E2ECEF000024";"Loja Guaraciaba Do Norte/CE";"35 Centro";"CE";"Rua Senador Catunda, 35 Centro - CE, 62380-000";"62380-000";"10517";"Loja";"-4,1630252";"-40,749258999999995"
"5727E2ECEF000025";"Loja Horizonte/CE";"4296 Centro";"CE";"Avenida Presidente Castelo Branco, 4296 Centro - CE, 62880-384";"62880-384";"10517";"Loja";"-4,0974045";"-38,495517899999996"
"5727E2ECEF000026";"Loja Ibiapina/CE";"665 Centro";"CE";"Rua Inacio Pontes, 665 Centro - CE, 62360-000";"62360-000";"10517";"Loja";"-3,9209072000000003";"-40,888787799999996"
"5727E2ECEF000027";"Loja Icó/CE";"1565 Centro";"CE";"Avenida Nogueira Acioly, 1565 Centro - CE, 63430-000";"63430-000";"10517";"Loja";"-6,4045302";"-38,8618612"
"5727E2ECEF000028";"Loja Iguatu/CE - Centro";"409 Centro";"CE";"Rua Monsenhor Coelho, 409 Centro - CE, 63500-000";"63500-000";"10517";"Loja";"-6,358452799999999";"-39,2944065"
"5727E2ECEF000029";"Loja Iguatu/CE - Rodoviária";"689 Centro";"CE";"Rua Prof. João Coelho, 689 Centro  - CE, 63500-005";"63500-005";"10517";"Loja";"-6,3635997";"-39,3027458"
"5727E2ECEF00002A";"Loja Ipú/CE";"307 Centro";"CE";"R. Padre Mororó, 307 Centro - CE, 62250-000";"62250-000";"10517";"Loja";"-4,3233752";"-40,708775700000004"
"5727E2ECEF00002B";"Loja Iracema/CE";"83 Centro";"CE";"Rua Ângelo Paz, 83 Centro - CE, 62980-000";"62980-000";"10517";"Loja";"-5,8128842";"-38,3044016"
"5727E2ECEF00002C";"Loja Itapajé/CE";"1337 Centro";"CE";"Rua Major Barreto, 1337 Centro - CE, 62600-000";"62600-000";"10517";"Loja";"-3,6868671";"-39,5832923"
"5727E2ECEF00002D";"Loja Itapipoca/CE";"2835 Centro";"CE";"Rua Eubia Barroso, 2835 Centro - CE, 62500-001";"62500-001";"10517";"Loja";"-3,4996126999999997";"-39,5800238"
"5727E2ECEF00002E";"Loja Jaguaretama/CE";"459 Centro";"CE";"Rua Tristão Gonçalves, 459 Centro - CE, 63480-000";"63480-000";"10517";"Loja";"-5,6135722999999995";"-38,763422899999995"
"5727E2ECEF00002F";"Loja Paraipaba/CE";"164 Centro";"CE";"Avenida Maria Moreira, 164 Centro - CE, 62685-000";"62685-000";"10517";"Loja";"-3,4360733";"-39,1479101"
"5727E2ECEF000030";"Loja Jaguaribe/CE";"707 Centro";"CE";"Rua Savino Barreira, 707 Centro - CE, 63475-000";"63475-000";"10517";"Loja";"-5,8881757";"-38,6219835"
"5727E2ECEF000031";"Loja João Pessoa/PB - Mangabeira";"220 Mangabeira";"PB";"Rua Josefa Taveira, 220 Mangabeira - PB, 58055-000";"58055-000";"10517";"Loja";"-7,164048399999999";"-34,8385955"
"5727E2ECEF000032";"Loja João Pessoa/PB - Manaira";"154 Manaira";"PB";"Av. Governador Flávio Ribeiro Coutinho, 154 Manaira - PB, 58038-620";"58038-620";"10517";"Loja";"-7,0979214";"-34,8427513"
"5727E2ECEF000033";"Loja Juazeiro Do Norte/CE - Shopping";"2555 Triângulo";"CE";"Avenida Padre Cícero, 2555 Triângulo - CE, 63041-145";"63041-145";"10517";"Loja";"-7,223055799999999";"-39,325733199999995"
"5727E2ECEF000034";"Loja Juazeiro Do Norte/CE - Centro";"305 Centro";"CE";"Rua São Pedro, 305 Centro - CE, 63010-010";"63010-010";"10517";"Loja";"-7,202050799999999";"-39,3171635"
"5727E2ECEF000035";"Loja Lavras Da Mangabeira/CE";"Rua Doutor Paulino Augusto Dutra Centro";"CE";"Rua Doutor Paulino Augusto Dutra Centro - CE, 63300-000";"63300-000";"10517";"Loja";"-6,7541573999999995";"-38,963243500000004"
"5727E2ECEF000036";"Loja Macaíba/RN";"114 Centro";"RN";"Rua da Conceição, 114 Centro - RN, 59280-000";"59280-000";"10517";"Loja";"-5,8574981";"-35,3532419"
"5727E2ECEF000037";"Loja Maceió/AL";"768 Farol";"AL";"Avenida Fernandes Lima, 768 Farol - AL, 57050-000";"57050-000";"10517";"Loja";"-9,643836";"-35,7343347"
"5727E2ECEF000038";"Loja Major Sales/RN";"Rua Mouzinho Fernandes Bairro Do Amor";"RN";"Rua Mouzinho Fernandes Bairro Do Amor - RN, 59945-000";"59945-000";"10517";"Loja";"-6,4020227";"-38,320830799999996"
"5727E2ECF0000039";"Loja Milagres/CE";"424 Frei Damião";"CE";"Rua Julio Sampaio, 424 Frei Damião - CE, 63250-000";"63250-000";"10517";"Loja";"-7,3097276";"-38,9443626"
"5727E2ECF000003A";"Loja Missão Velha/CE";"150 Centro";"CE";"Avenida Coronel José Dantas, 150 Centro - CE, 63200-000";"63200-000";"10517";"Loja";"-7,249731499999999";"-39,141929399999995"
"5727E2ECF000003B";"Loja Maracanaú/CE";"204 Centro";"CE";"Av. Carlos Jereissati, 204 Centro - CE, 61900-010";"61900-010";"10517";"Loja";"-3,8787159";"-38,620990899999995"
"5727E2ECF000003C";"Loja Mombaça/CE";"494 Centro";"CE";"Rua Coronel José Aderaldo, 494 Centro - CE, 63610-000";"63610-000";"10517";"Loja";"-5,74667";"-39,6316659"
"5727E2ECF000003D";"Loja Morada Nova/CE";"167 Centro";"CE";"Rua Cipriano Maia, 167 Centro - CE, 62940-000";"62940-000";"10517";"Loja";"-5,1081531";"-38,3731918"
"5727E2ECF000003E";"Loja Mossoró/RN - Centro";"122 Centro";"RN";"Rua Coronel Vicente Sabóia, 122 Centro - RN, 59600-120";"59600-120";"10517";"Loja";"-5,1939525";"-37,3426785"
"5727E2ECF000003F";"Loja Natal/RN - Shopping";"2395 Potengi";"RN";"Avenida Doutor João Medeiros Filho, 2395 Potengi - RN, 59110-200";"59110-200";"10517";"Loja";"-5,7582952999999995";"-35,2462087"
"5727E2ECF0000040";"Loja Natal/RN - Lagoa Nova";"4204 Lagoa Nova";"RN";"Avenida Prudente de Morais, 4204 Lagoa Nova - RN, 59054-700";"59054-700";"10517";"Loja";"-5,8165087";"-35,211938599999996"
"5727E2ECF0000041";"Loja Orós/CE";"58 Centro";"CE";"Rua Custódio Nunes, 58 Centro - CE, 63520-000";"63520-000";"10517";"Loja";"-6,245013";"-38,914682899999995"
"5727E2ECF0000042";"Loja Pacajus/CE";"291 Centro";"CE";"Av. Pedro Filomeno, 291 Centro - CE, 62870-000";"62870-000";"10517";"Loja";"-4,1730653";"-38,4581081"
"5727E2ECF0000043";"Loja Palmeira Dos Índios/AL";"40 São Cristóvão";"AL";"Av. Muniz Falcão, 40 São Cristóvão - AL, 57603-145";"57603-145";"10517";"Loja";"-9,410919";"-36,6315932"
"5727E2ECF0000044";"Loja Arapiraca/AL";"468 Centro";"AL";"R. Monsenhor Macedo Arapiraca, 468 Centro - AL, 57300-370";"57300-370";"10517";"Loja";"-9,7499386";"-36,6643925"
"5727E2ECF0000045";"Loja Rio Largo/AL";"73 Centro";"AL";"Rua Praça Floriano Peixoto, 73 Centro - AL, 57100-000";"57100-000";"10517";"Loja";"-9,4873251";"-35,8529621"
"5727E2ECF0000046";"Loja São Miguel Dos Campos/AL";"196  Centro";"AL";"Rua Doutor Rômulo de Almeida, 196  Centro - AL, 57240-022";"57240-022";"10517";"Loja";"-9,780767899999999";"-36,0951556"
"5727E2ECF0000047";"Loja Olho D'Água Das Flores/AL";"64 Centro";"AL";" Rua do comércio, 64 Centro - AL, 57442-000";"57442-000";"10517";"Loja";"-9,5349696";"-37,2948437"
"5727E2ECF0000048";"Loja Delmiro Gouveia/AL";"257 Centro";"AL";"Avenida Presidente Castelo Branco, 257 Centro - AL, 57480-000";"57480-000";"10517";"Loja";"-9,3835372";"-37,9993027"
"5727E2ECF0000049";"Loja 2 Piranhas/AL";"0 Vila Alagoas";"AL";"Rua Campo Grande, 0 Vila Alagoas - AL, 57460-000";"57460-000";"10517";"Loja";"-9,6090938";"-37,7619622"
"5727E2ECF000004A";"Loja Parnamirim/RN - Cohabinal";"639 Cohabinal";"RN";"Avenida João XXIII, 639 Cohabinal - RN, 59140-690";"59140-690";"10517";"Loja";"-5,9195736";"-35,2692952"
"5727E2ECF000004B";"Loja Parnamirim/RN - Centro";"152 Centro";"RN";"Avenida Brigadeiro Everaldo Breves, 152 Centro - RN, 59140-200";"59140-200";"10517";"Loja";"-5,9195736";"-35,2692952"
"5727E2ECF000004C";"Loja Patos/PB";"508 Brasilia";"PB";"Rua Doutor Pedro Firmino, 508 Brasilia - PB, 58700-350";"58700-350";"10517";"Loja";"-7,0238347999999995";"-37,2720261"
"5727E2ECF000004D";"Loja São José Do Mipibu/RN";"103 Centro";"RN";"Avenida Prefeito Inacio Herique, 103 Centro - RN, 59162-000";"59162-000";"10517";"Loja";"-6,0711314";"-35,2435371"
"5727E2ECF000004E";"Loja Pau Dos Ferros/RN";"311 Centro";"RN";"Rua 13 de Maio, 311 Centro - RN, 59900-000";"59900-000";"10517";"Loja";"-6,109509699999999";"-38,2083131"
"5727E2ECF000004F";"Loja Pedra Branca/CE";"81 Centro";"CE";"Rua Ernesto Viêira, 81 Centro - CE, 63630-000";"63630-000";"10517";"Loja";"-5,4544345";"-39,715856099999996"
"5727E2ECF0000050";"Loja Pereiro/CE";"219 Centro";"CE";"R. Santos Dumont, 219 Centro - CE, 63460-000";"63460-000";"10517";"Loja";"-6,0463945";"-38,461415599999995"
"5727E2ECF0000051";"Loja Pesqueira/PE";"135 Centro";"PE";"Rua Duque de Caxias, 135 Centro - PE, 55200-000";"55200-000";"10517";"Loja";"-8,3578949";"-36,6984072"
"5727E2ECF0000052";"Loja Pombal/PB";"50 Centro";"PB";"Rua Coronel Francisco de Assis, 50 Centro - PB, 58840-000";"58840-000";"10517";"Loja";"-6,7722506";"-37,803242"
"5727E2ECF0000053";"Loja Maranguape/CE";"124 Centro";"CE";"Rua Mundica Paula, 124 Centro - CE, 61940-145";"61940-145";"10517";"Loja";"-3,8899336000000004";"-38,684826699999995"
"5727E2ECF0000054";"Loja Quixadá/CE";"1599 Centro";"CE";"Avenida Plácido castelo, 1599 Centro - CE, 63900-056";"63900-056";"10517";"Loja";"-4,9722124999999995";"-39,0165796"
"5727E2ECF0000055";"Loja Canindé/CE";"667 Centro";"CE";"Rua Euclides Barroso, 667 Centro - CE, 62700-000";"62700-000";"10517";"Loja";"-4,3563477";"-39,3153845"
"5727E2ECF0000056";"Loja Quixeramobim/CE";"65 Centro";"CE";"Rua Teixeira Freitas, 65 Centro - CE, 63800-000";"63800-000";"10517";"Loja";"-5,1973666";"-39,2987612"
"5727E2ECF0000057";"Loja Quixere/CE";"1038 Centro";"CE";"Rua Manoel Gonçalves, 1038 Centro - CE, 62920-000";"62920-000";"10517";"Loja";"-5,0721503";"-37,9904969"
"5727E2ECF0000058";"Loja Russas/CE";"324 Centro";"CE";"Rua Padre Raul Vieira, 324 Centro - CE, 62900-000";"62900-000";"10517";"Loja";"-4,9378079999999995";"-37,973444"
"5727E2ECF0000059";"Loja Salgueiro/PE";"550 D Santo Antonio";"PE";"Avenida Antônio Angelim, 550 D Santo Antonio - PE, 56000-000";"56000-000";"10517";"Loja";"-8,0731088";"-39,123645499999995"
"5727E2ECF000005A";"Loja Surubim/PE";"265 Centro";"PE";"R. João Batista, 265 Centro - PE, 55750-000";"55750-000";"10517";"Loja";"-7,838327400000001";"-35,76019"
"5727E2ECF000005B";"Loja Araripina/PE";"252 Centro";"PE";"Rua José Barreto de Souza Sombra, 252 Centro - PE, 56280-000";"56280-000";"10517";"Loja";"-7,573678399999999";"-40,4971624"
"5727E2ECF000005C";"Loja Santa Cruz Do Capibaribe/PE";"715 São Cristovão";"PE";"Avenida Vinte e Nove de Dezembro, 715 São Cristovão - PE, 55194-280";"55194-280";"10517";"Loja";"-7,953261500000001";"-36,2067875"
"5727E2ECF000005D";"Loja Santa Luzia/PB";"0 Centro";"PB";"Rua Ezequiel Fernandes, 0 Centro - PB, 58600-000";"58600-000";"10517";"Loja";"-6,8709975";"-36,919695499999996"
"5727E2ECF000005E";"Loja Santa Rita/PB";"28 Centro";"PB";"Rua Sao Joao, 28 Centro - PB, 58300-150";"58300-150";"10517";"Loja";"-7,121660299999999";"-34,9785627"
"5727E2ECF000005F";"Loja São Benedito/CE";"171 Centro";"CE";"Avenida Tabajara, 171 Centro - CE, 62370-000";"62370-000";"10517";"Loja";"-4,0448205999999995";"-40,8640372"
"5727E2ECF0000060";"Loja São Bento/PB";"1150 Cicero Dias I";"PB";"Avenida Prefeito Pedro Eulampio da Silva, 1150 Cicero Dias I - PB, 58865-000";"58865-000";"10517";"Loja";"-6,4938753";"-37,4477259"
"5727E2ECF0000061";"Loja São Miguel/RN";"291 Centro";"RN";"Rua Coronel João Pessoa, 291 Centro - RN, 59920-000";"59920-000";"10517";"Loja";"-6,2106473";"-38,496322899999996"
"5727E2ECF0000062";"Loja Senador Pompeu/CE";"310 Centro";"CE";"Rua José Carlos Sampaio, 310 Centro - CE, 63600-000";"63600-000";"10517";"Loja";"-5,5899969";"-39,3735192"
"5727E2ECF0000063";"Loja Serra Talhada/PE";"42 São Cristovão";"PE";"Avenida Miguel Nunes de Souza, 42 São Cristovão - PE, 56903-120";"56903-120";"10517";"Loja";"-7,9866880999999985";"-38,297610899999995"
"5727E2ECF0000064";"Loja Sobral/CE";"877 Centro";"CE";"Rua Conselheiro José Júlio, 877 Centro - CE, 56903-120";"56903-120";"10517";"Loja";"-3,6870514";"-40,3548408"
"5727E2ECF0000065";"Loja Sousa/PB";"29 Gato Preto";"PB";"Rua Manoel Gadelha Filho, 29 Gato Preto - PB, 58802-000";"58802-000";"10517";"Loja";"-6,7612491";"-38,2268902"
"5727E2ECF0000066";"Loja Tabuleiro Do Norte/CE";"639 Centro";"CE";"Rua Maia Alarcon, 639 Centro - CE, 62960-000";"62960-000";"10517";"Loja";"-5,2483149";"-38,1279617"
"5727E2ECF0000067";"Loja Tauá/CE";"498 Alto Brilhante";"CE";"Avenida José Waldemar Rego, 498 Alto Brilhante - CE, 63660-000";"63660-000";"10517";"Loja";"-6,0036771";"-40,2899928"
"5727E2ECF0000068";"Loja Teresina/PI";"2095 Centro (Sul)";"PI";"Avenida Frei Serafim, 2095 Centro (Sul) - PI, 64000-590";"64000-590";"10517";"Loja";"-5,0880019";"-42,806672"
"5727E2ECF0000069";"Loja Altos/PI";"2000 Centro";"PI";"Avenida Francisco Raulino, 2000 Centro - PI,  64290-000";"64290-000";"10517";"Loja";"-5,0399221";"-42,459317899999995"
"5727E2ECF000006A";"Loja Campo Maior/PI";"0001 Centro";"PI";"Avenida Santo Antonio, 0001 Centro - PI, 64280-000";"64280-000";"10517";"Loja";"-4,8311247";"-42,1706826"
"5727E2ECF000006B";"Loja Parnaíba/PI";"751 Centro";"PI";"Avenida Governador Chagas Rodrigues, 751 Centro - PI, 64200-490";"64200-490";"10517";"Loja";"-2,9059635999999998";"-41,7733547"
"5727E2ECF000006C";"Loja Picos/PI";"Av. Getúlio Vargas 391 Centro";"PI";"Av. Getúlio Vargas 391 Centro - PI, 64600-002";"64600-002";"10517";"Loja";"-7,0794058";"-41,4674712"
"5727E2ECF000006D";"Loja Piripiri/PI";"323 Centro";"PI";"Rua Santos Dumont, 323 Centro - PI, 64260-000";"64260-000";"10517";"Loja";"-4,2741394";"-41,7787503"
"5727E2ECF000006E";"Loja Tianguá/CE";"493 Centro";"CE";"Avenida Prefeito Jacques Nunes, 493 Centro - CE, 62320-069";"62320-069";"10517";"Loja";"-3,7318149999999997";"-40,992083699999995"
"5727E2ECF000006F";"Loja Tobias Barreto/SE";"556 Centro";"SE";"Avenida 7 de Junho, 556 Centro - SE, 49300-000";"49300-000";"10517";"Loja";"-11,1876134";"-38,0016592"
"5727E2ECF0000070";"Loja Canindé São Francisco/SE";"79  Centro";"SE";"Avenida Ananias Fernandes dos Santos, 79  Centro - SE, 49820-000";"49820-000";"10517";"Loja";"-9,6609661";"-37,7910599"
"5727E2ECF0000071";"Loja Toritama/PE";"103 Centro";"PE";"Rua José Celestino, 103 Centro - PE, 55125-000";"55125-000";"10517";"Loja";"-8,0103887";"-36,0565415"
"5727E2ECF0000072";"Loja Ubajara/CE";"105 Centro";"CE";"Rua Padre Moacir Melo, 105 Centro - CE, 62350-000";"62350-000";"10517";"Loja";"-3,8528366000000003";"-40,9209649"
"5727E2ECF0000073";"Loja Uirauna/PB";"265 Centro";"PB";"Rua José Barbosa, 265 Centro - PB, 58915-000";"58915-000";"10517";"Loja";"-6,518875599999999";"-38,4097021"
"5727E2ECF0000074";"Loja 2 Umarizal/RN";"264 Centro";"RN";"Rua Porcino Costa, 264 Centro - RN, 59865-000";"59865-000";"10517";"Loja";"-5,991330899999999";"-37,8142219"
"5727E2ECF0000075";"Loja Várzea Alegre/CE";"30 Centro";"CE";"Rua Coronel Pimpim, 30 Centro - CE, 63540-000";"63540-000";"10517";"Loja";"-6,7924765";"-39,2979379"
"5727E2ECF0000076";"Loja Viçosa Do Ceará/CE";"430 Centro";"CE";"Rua Salustiano de Pinho, 430 Centro - CE, 62300-000";"62300-000";"10517";"Loja";"-3,5686302999999997";"-41,0938722"
"5727E2ECF0000077";"Loja Ouricuri/PE";"525 Centro";"PE";"Av. Fernando Bezerra,  525 Centro - PE, 56200-000";"56200-000";"10517";"Loja";"-7,8878664";"-40,0867518"
"5727E2ECF0000078";"Loja Vitoria Do Santo Antão/PE";"76 Centro";"PE";"Rua Ambrosio Machado, 76 Centro - PE, 55602-230";"55602-230";"10517";"Loja";"-8,1196567";"-35,296385199999996"
"5727E2ECF0000079";"Loja Petrolina/PE";"2282 Centro";"PE";"Avenida Guararapes, 2282 Centro - PE, 56302000";"";"10517";"Loja";"-9,4000016";"-40,498103799999996"
"5727E2ECF000007A";"Loja Garanhuns/PE";"626 Heliopolis";"PE";"Avenida Rui Barbosa, 626 Heliopolis - PE, 55296-300";"55296-300";"10517";"Loja";"-8,8847043";"-36,4819788"
"5727E2ECF000007B";"Loja Paulista/PE";"2871 Janga";"PE";"Av. Dr. Cláudio José Gueiros Leite, 2871 Janga - PE, 53437-000";"53437-000";"10517";"Loja";"-7,932461399999999";"-34,824060599999996"
"5727E2ECF000007C";"Loja Ribeira Do Pombal/BA";"312 Centro";"BA";"Avenida Doutor Oliveira Brito, 312 Centro - BA, 48400-000";"48400-000";"10517";"Loja";"-10,836504099999999";"-38,5358215"
"5727E2ECF000007D";"Loja Alagoinhas/BA";"243 Centro";"BA";"Rua Lauro de Freitas, 243 Centro - BA, 48000-103";"48000-103";"10517";"Loja";"-12,137826500000001";"-38,4173432"
"5727E2ECF000007E";"Loja Feira De Santana/BA";"94 Centro";"BA";"Praça Padre Ovídio, 94 Centro - BA, 44001-744";"44001-744";"10517";"Loja";"-12,2596169";"-38,9698439"
"5727E2ECF000007F";"Loja Dias D'Ávila/BA";"533  Centro";"BA";"Avenida Raul Seixas, 533  Centro - BA, 42850-000";"42850-000";"10517";"Loja";"-12,6116488";"-38,305519499999996"
"5727E2ECF0000080";"Loja 2 Catu/BA";"02 Centro";"BA";" Manoel Algusto De Araujo, 02 Centro - BA, 48110-000";"48110-000";"10517";"Loja";"-12,3977743";"-38,4649276"
"5727E2ECF0000081";"Loja Juazeiro/BA";"22 Centro";"BA";"Rua Coronel João Evangelista, 22 Centro - BA, 48903-000";"48903-000";"10517";"Loja";"-7,202050799999999";"-39,3171635"
"5727E2ECF0000082";"Loja Jeremoabo/BA";"37 Centro";"BA";"Pr. Dr. Jonas de Carvalho Gomes, 37 Centro - BA, 48540-000";"48540-000";"10517";"Loja";"-10,069569399999999";"-38,3520099"
"5727E2ECF0000083";"Loja Paulo Afonso/BA";"364 Centro";"BA";"Landulfo Alves, 364 Centro - BA, 48602-490";"48602-490";"10517";"Loja";"-9,4008568";"-38,2209164"
"5727E2ECF0000084";"Loja Camaçari/BA";"23 Centro";"BA";"Rua Adelina de Sá, 23 Centro - BA, 42800-051";"42800-051";"10517";"Loja";"-12,698727499999999";"-38,3237348"
"5727E2ECF0000085";"Loja Timon/MA";"678  Parque Piaui I";"MA";"Av. Pres. Médici, 678  Parque Piaui I - MA, 65631-391";"65631-391";"10517";"Loja";"-5,0938666999999995";"-42,8329562"
"5727E2ECF0000086";"Loja Fortaleza/CE - Sede";"5296 Guararapes";"CE";"Rua Romeu Aldigueri, 5296 Guararapes - CE, 60810-190";"60810-190";"10517";"Loja";"-3,7651055999999996";"-38,482926"
"5727E2ECF0000087";"Loja Apodi/RN";"21 Sao Sebastiao";"RN";"R. Enéas Barbosa, 21 Sao Sebastiao - RN, 59700-000";"59700-000";"10517";"Loja";"-5,6621492";"-37,799282399999996"
"5727E2ECF0000088";"Loja 2 Nossa Senhora Do Socorro/SE";"374 João Alves";"SE";"Avenida José Matos Lima, 374 João Alves - SE, 49155-372";"49155-372";"10517";"Loja";"-10,8554361";"-37,0824088"
"5727E2ECF0000089";"Loja Camocim/CE";"63 Praia";"CE";"Rua Jose de Alencar, 63 Praia - CE, 62400-000";"62400-000";"10517";"Loja";"-2,9043811";"-40,8503632"
"5727E2ECF000008A";"Loja Olinda/PE";"1048 Casa Caiada";"PE";"Avenida Dr Jose Augusto Moreira, 1048 Casa Caiada - PE, 53130-410";"53130-410";"10517";"Loja";"-7,932461399999999";"-34,824060599999996"
"5727E2ECF000008B";"Loja Jaboatão Dos Guararapes/PE";"993 Peidade";"PE";"Avenida Bernardo Vieira de Melo, 993 Peidade - PE, 54410-010";"54410-010";"10517";"Loja";"-8,167777599999999";"-34,9147173"
"5727E2ECF000008C";"Loja Abreu E Lima/PE";"";"PE";"  - PE, ";"";"10517";"Loja";"-7,935148599999999";"-34,908652599999996"
"5727E2ECF000008D";"Loja 2 Aquiraz/CE";"";"CE";"  - CE, ";"";"10517";"Loja";"-3,906275899999999";"-38,3873843"
"5727E2ECF000008E";"Loja 2 Bela Cruz/CE";"";"CE";"  - CE, ";"";"10517";"Loja";"-3,0530863";"-40,1667241"
"5727E2ECF000008F";"Loja 2 Boa Viagem/CE";"";"CE";"  - CE, ";"";"10517";"Loja";"-5,1260161";"-39,7309954"
"5727E2ECF0000090";"Loja 2 Camaragibe/PE";"";"PE";"  - PE, ";"";"10517";"Loja";"-8,0232973";"-34,9944969"
"5727E2ECF0000091";"Loja 2 Canguaretama/RN";"";"RN";"  - RN, ";"";"10517";"Loja";"-6,3791727";"-35,1306466"
"5727E2ECF0000092";"Loja Esperanca/PB";"";"PB";"  - PB, ";"";"10517";"Loja";"-7,2344111";"-35,8689386"
"5727E2ECF0000093";"Loja 2 Granja/CE";"";"CE";"  - CE, ";"";"10517";"Loja";"-3,1184636";"-40,8303492"
"5727E2ECF0000094";"Loja 2 Igarassu/PE";"";"PE";"  - PE, ";"";"10517";"Loja";"-7,842699699999999";"-34,9074381"
"5727E2ECF0000095";"Loja 2 Joao Camara/RN";"";"RN";"  - RN, ";"";"10517";"Loja";"-5,536728999999999";"-35,8141034"
"5727E2ECF0000096";"Loja 2 Mamanguape/PB";"";"PB";"  - PB, ";"";"10517";"Loja";"-6,8382656";"-35,1326671"
"5727E2ECF0000097";"Loja 2 Marechal Deodoro/AL";"";"AL";"  - AL, ";"";"10517";"Loja";"-9,7115387";"-35,8956545"
"5727E2ECF0000098";"Loja 2 Massape/CE";"";"CE";"  - CE, ";"";"10517";"Loja";"-3,526268";"-40,3421014"
"5727E2ECF0000099";"Loja 2 Mauriti/CE";"";"CE";"  - CE, ";"";"10517";"Loja";"-7,382949299999999";"-38,7716665"
"5727E2ECF000009A";"Loja 2 Moreno/PE";"";"PE";"  - PE, ";"";"10517";"Loja";"-8,1183894";"-35,1008129"
"5727E2ECF000009B";"Loja 2 Nova Cruz/RN";"";"RN";"  - RN, ";"";"10517";"Loja";"-6,479966999999999";"-35,431738"
"5727E2ECF000009C";"Loja 2 Nova Russas/CE";"";"CE";"  - CE, ";"";"10517";"Loja";"-4,7066511";"-40,5626139"
"5727E2ECF000009D";"Loja 2 Paracuru/CE";"";"CE";"  - CE, ";"";"10517";"Loja";"-3,4104618";"-39,03015329999999"
"5727E2ECF000009E";"Loja 2 Queimadas/PB";"";"PB";"  - PB, ";"";"10517";"Loja";"-7,3637571";"-35,9023681"
"5727E2ECF000009F";"Loja Recife/PE";"2054 Pina";"PE";"Av. Domingos Ferreira, 2054 Pina - PE, ";"";"10517";"Loja";"-8,1074033";"-34,890852699999996"
"5727E2ECF00000A0";"Loja 2 Santa Cruz/RN";"";"RN";"  - RN, ";"";"10517";"Loja";"-6,2261856";"-36,021248"
"5727E2ECF00000A1";"Loja 2 Santa Quiteria/CE";"";"CE";"  - CE, ";"";"10517";"Loja";"-4,3356427";"-40,154881"
"5727E2ECF00000A2";"Loja Santo Amaro/BA";"63 Centro";"BA";"Av. Viana Bandeira, 63 Centro - BA, 44200-000";"44200-000";"10517";"Loja";"-12,552206";"-38,7068"
"5727E2ECF00000A3";"Loja 2 Sao Caitano/PE";"";"PE";"  - PE, ";"";"10517";"Loja";"-8,3276152";"-36,1370469"
"5727E2ECF00000A4";"Loja 2 Sao Goncalo Do Amarante/CE";"";"CE";"  - CE, ";"";"10517";"Loja";"-3,6072866";"-38,96838839999999"
"5727E2ECF00000A5";"Loja Sao Goncalo Do Amarante/RN";"";"RN";"  - RN, ";"";"10517";"Loja";"-5,7736450999999995";"-35,268041"
"5727E2ECF00000A6";"Loja 2 Sao Lourenco Da Mata/PE";"";"PE";"  - PE, ";"";"10517";"Loja";"-7,994519899999998";"-35,04216220000001"
"5727E2ECF00000A7";"Loja 2 Sao Luis/MA";"";"MA";"  - MA, ";"";"10517";"Loja";"-2,5306721";"-44,2988947"
"5727E2ECF00000A8";"Loja 2 Sape/PB";"";"PB";"  - PB, ";"";"10517";"Loja";"-7,082300099999999";"-35,2443324"
"5727E2ECF00000A9";"Loja Simoes Filhos/BA";"";"BA";"  - BA, ";"";"10517";"Loja";"-12,8091856";"-38,392604"
"5727E2ECF00000AA";"Loja Bom Conselho/PE";"";"PE";"  - PE, ";"";"10517";"Loja";"-9,1696489";"-36,6817063"
